{"accuracy": 0.8455882352941176, "accuracy before finetuning": 0.6838235294117647}