{"accuracy": 0.5915492957746479, "accuracy before finetuning": 0.5633802816901409}