{"accuracy": 0.6838235294117647, "accuracy before finetuning": 0.31862745098039214}