{"accuracy": 0.5774647887323944, "accuracy before finetuning": 0.5633802816901409}